E-Mail;Grund
gesperrt01@example.net;Unzustellbar
gesperrt02@example.net;Unzustellbar
gesperrt03@example.net;Unzustellbar
gesperrt04@example.net;Unzustellbar
gesperrt05@example.net;Unzustellbar
gesperrt06@example.net;Unzustellbar
gesperrt07@example.net;Unzustellbar
gesperrt08@example.net;Unzustellbar
gesperrt09@example.net;Unzustellbar
gesperrt10@example.net;Unzustellbar
gesperrt11@example.net;Unzustellbar
gesperrt12@example.net;Unzustellbar
gesperrt13@example.net;Unzustellbar
gesperrt14@example.net;Unzustellbar
gesperrt15@example.net;Unzustellbar
gesperrt16@example.net;Unzustellbar
gesperrt17@example.net;Unzustellbar
gesperrt18@example.net;Unzustellbar
gesperrt19@example.net;Unzustellbar
gesperrt20@example.net;Unzustellbar
